,index,total_reward
0,1,1.0
1,2,2.0
2,3,1.0
3,4,2.0
4,5,0.0
5,6,2.0
6,7,0.0
7,8,2.0
8,9,3.0
9,10,0.0
10,11,1.0
11,12,0.0
12,13,3.0
13,14,1.0
14,15,0.0
15,16,0.0
16,17,0.0
17,18,2.0
18,19,0.0
19,20,0.0
20,21,2.0
21,22,2.0
22,23,0.0
23,24,3.0
24,25,0.0
25,26,0.0
26,27,0.0
27,28,0.0
28,29,1.0
29,30,0.0
30,31,0.0
31,32,1.0
32,33,2.0
33,34,0.0
34,35,4.0
35,36,2.0
36,37,2.0
37,38,0.0
38,39,0.0
39,40,1.0
40,41,0.0
41,42,0.0
42,43,2.0
43,44,0.0
44,45,3.0
45,46,1.0
46,47,2.0
47,48,2.0
48,49,0.0
49,50,2.0
50,51,0.0
51,52,0.0
52,53,0.0
53,54,0.0
54,55,0.0
55,56,1.0
56,57,1.0
57,58,3.0
58,59,0.0
59,60,1.0
60,61,0.0
61,62,0.0
62,63,0.0
63,64,2.0
64,65,4.0
65,66,0.0
66,67,1.0
67,68,3.0
68,69,0.0
69,70,2.0
70,71,0.0
71,72,1.0
72,73,0.0
73,74,2.0
74,75,0.0
75,76,1.0
76,77,0.0
77,78,0.0
78,79,0.0
79,80,0.0
80,81,4.0
81,82,1.0
82,83,0.0
83,84,0.0
84,85,1.0
85,86,0.0
86,87,3.0
87,88,1.0
88,89,0.0
89,90,1.0
90,91,0.0
91,92,0.0
92,93,0.0
93,94,2.0
94,95,3.0
95,96,0.0
96,97,1.0
97,98,1.0
98,99,0.0
99,100,1.0
100,101,1.0
101,102,5.0
102,103,2.0
103,104,2.0
104,105,1.0
105,106,0.0
106,107,0.0
107,108,3.0
108,109,0.0
109,110,2.0
110,111,2.0
111,112,0.0
112,113,1.0
113,114,0.0
114,115,0.0
115,116,1.0
116,117,0.0
117,118,2.0
118,119,0.0
119,120,0.0
120,121,2.0
121,122,2.0
122,123,1.0
123,124,2.0
124,125,0.0
125,126,2.0
126,127,0.0
127,128,0.0
128,129,0.0
129,130,1.0
130,131,1.0
131,132,0.0
132,133,1.0
133,134,1.0
134,135,0.0
135,136,1.0
136,137,0.0
137,138,1.0
138,139,3.0
139,140,0.0
140,141,0.0
141,142,0.0
142,143,0.0
143,144,2.0
144,145,1.0
145,146,0.0
146,147,3.0
147,148,1.0
148,149,1.0
149,150,0.0
150,151,0.0
151,152,1.0
152,153,0.0
153,154,1.0
154,155,2.0
155,156,3.0
156,157,0.0
157,158,0.0
158,159,0.0
159,160,2.0
160,161,1.0
161,162,2.0
162,163,2.0
163,164,1.0
164,165,0.0
165,166,3.0
166,167,1.0
167,168,0.0
168,169,0.0
169,170,0.0
170,171,0.0
171,172,2.0
172,173,3.0
173,174,0.0
174,175,2.0
175,176,1.0
176,177,1.0
177,178,1.0
178,179,0.0
179,180,1.0
180,181,0.0
181,182,0.0
182,183,2.0
183,184,0.0
184,185,3.0
185,186,0.0
186,187,3.0
187,188,4.0
188,189,2.0
189,190,2.0
190,191,1.0
191,192,1.0
192,193,0.0
193,194,1.0
194,195,1.0
195,196,2.0
196,197,1.0
197,198,2.0
198,199,0.0
199,200,2.0
200,201,0.0
201,202,3.0
202,203,2.0
203,204,1.0
204,205,0.0
205,206,1.0
206,207,2.0
207,208,0.0
208,209,2.0
209,210,2.0
210,211,0.0
211,212,2.0
212,213,1.0
213,214,0.0
214,215,0.0
215,216,3.0
216,217,1.0
217,218,0.0
218,219,3.0
219,220,0.0
220,221,2.0
221,222,0.0
222,223,0.0
223,224,1.0
224,225,2.0
225,226,2.0
226,227,1.0
227,228,0.0
228,229,0.0
229,230,3.0
230,231,0.0
231,232,2.0
232,233,1.0
233,234,3.0
234,235,1.0
235,236,3.0
236,237,1.0
237,238,3.0
238,239,1.0
239,240,1.0
240,241,1.0
241,242,0.0
242,243,0.0
243,244,2.0
244,245,0.0
245,246,0.0
246,247,0.0
247,248,1.0
248,249,4.0
249,250,0.0
250,251,0.0
251,252,2.0
252,253,1.0
253,254,3.0
254,255,1.0
255,256,0.0
256,257,1.0
257,258,0.0
258,259,2.0
259,260,3.0
260,261,0.0
261,262,1.0
262,263,0.0
263,264,0.0
264,265,2.0
265,266,0.0
266,267,1.0
267,268,2.0
268,269,1.0
269,270,1.0
270,271,2.0
271,272,1.0
272,273,2.0
273,274,0.0
274,275,0.0
275,276,0.0
276,277,0.0
277,278,1.0
278,279,2.0
279,280,0.0
280,281,2.0
281,282,1.0
282,283,1.0
283,284,0.0
284,285,0.0
285,286,1.0
286,287,1.0
287,288,1.0
288,289,4.0
289,290,1.0
290,291,0.0
291,292,2.0
292,293,3.0
293,294,1.0
294,295,1.0
295,296,3.0
296,297,0.0
297,298,2.0
298,299,0.0
299,300,0.0
300,301,0.0
301,302,1.0
302,303,4.0
303,304,3.0
304,305,3.0
305,306,0.0
306,307,1.0
307,308,1.0
308,309,1.0
309,310,1.0
310,311,2.0
311,312,0.0
312,313,0.0
313,314,2.0
314,315,3.0
315,316,1.0
316,317,1.0
317,318,1.0
318,319,0.0
319,320,0.0
320,321,4.0
321,322,1.0
322,323,3.0
323,324,0.0
324,325,0.0
325,326,1.0
326,327,2.0
327,328,0.0
328,329,0.0
329,330,1.0
330,331,0.0
331,332,3.0
332,333,4.0
333,334,0.0
334,335,0.0
335,336,1.0
336,337,1.0
337,338,0.0
338,339,1.0
339,340,0.0
340,341,0.0
341,342,1.0
342,343,1.0
343,344,0.0
344,345,0.0
345,346,2.0
346,347,2.0
347,348,1.0
348,349,2.0
349,350,3.0
350,351,1.0
351,352,0.0
352,353,3.0
353,354,1.0
354,355,1.0
355,356,1.0
356,357,0.0
357,358,0.0
358,359,3.0
359,360,1.0
360,361,0.0
361,362,3.0
362,363,1.0
363,364,2.0
364,365,0.0
365,366,1.0
366,367,1.0
367,368,1.0
368,369,0.0
369,370,0.0
370,371,3.0
371,372,0.0
372,373,3.0
373,374,2.0
374,375,0.0
375,376,0.0
376,377,2.0
377,378,1.0
378,379,1.0
379,380,0.0
380,381,4.0
381,382,1.0
382,383,0.0
383,384,4.0
384,385,0.0
385,386,2.0
386,387,0.0
387,388,1.0
388,389,2.0
389,390,1.0
390,391,0.0
391,392,3.0
392,393,0.0
393,394,0.0
394,395,0.0
395,396,0.0
396,397,0.0
397,398,0.0
398,399,2.0
399,400,4.0
400,401,4.0
401,402,1.0
402,403,1.0
403,404,0.0
404,405,1.0
405,406,0.0
406,407,1.0
407,408,0.0
408,409,2.0
409,410,0.0
410,411,0.0
411,412,2.0
412,413,1.0
413,414,0.0
414,415,1.0
415,416,1.0
416,417,0.0
417,418,0.0
418,419,0.0
419,420,0.0
420,421,0.0
421,422,1.0
422,423,4.0
423,424,2.0
424,425,0.0
425,426,0.0
426,427,0.0
427,428,2.0
428,429,0.0
429,430,1.0
430,431,1.0
431,432,1.0
432,433,4.0
433,434,0.0
434,435,2.0
435,436,0.0
436,437,2.0
437,438,4.0
438,439,3.0
439,440,0.0
440,441,1.0
441,442,0.0
442,443,1.0
443,444,2.0
444,445,1.0
445,446,0.0
446,447,1.0
447,448,1.0
448,449,1.0
449,450,0.0
450,451,3.0
451,452,2.0
452,453,4.0
453,454,2.0
454,455,0.0
455,456,2.0
456,457,0.0
457,458,0.0
458,459,2.0
459,460,2.0
460,461,0.0
461,462,0.0
462,463,0.0
463,464,0.0
464,465,3.0
465,466,1.0
466,467,0.0
467,468,1.0
468,469,2.0
469,470,0.0
470,471,1.0
471,472,0.0
472,473,0.0
473,474,0.0
474,475,2.0
475,476,0.0
476,477,2.0
477,478,2.0
478,479,2.0
479,480,2.0
480,481,1.0
481,482,1.0
482,483,1.0
483,484,2.0
484,485,1.0
485,486,0.0
486,487,2.0
487,488,2.0
488,489,1.0
489,490,1.0
490,491,2.0
491,492,0.0
492,493,2.0
493,494,1.0
494,495,0.0
495,496,0.0
496,497,0.0
497,498,2.0
498,499,0.0
499,500,2.0
500,501,2.0
501,502,0.0
502,503,1.0
503,504,1.0
504,505,1.0
505,506,1.0
506,507,1.0
507,508,0.0
508,509,0.0
509,510,2.0
510,511,2.0
511,512,1.0
512,513,0.0
513,514,0.0
514,515,1.0
515,516,0.0
516,517,2.0
517,518,0.0
518,519,1.0
519,520,0.0
520,521,2.0
521,522,0.0
522,523,1.0
523,524,0.0
524,525,2.0
525,526,2.0
526,527,2.0
527,528,3.0
528,529,2.0
529,530,4.0
530,531,1.0
531,532,3.0
532,533,1.0
533,534,0.0
534,535,3.0
535,536,1.0
536,537,4.0
537,538,4.0
538,539,0.0
539,540,0.0
540,541,0.0
541,542,1.0
542,543,2.0
543,544,0.0
544,545,2.0
545,546,1.0
546,547,0.0
547,548,0.0
548,549,0.0
549,550,1.0
550,551,0.0
551,552,0.0
552,553,0.0
553,554,3.0
554,555,1.0
555,556,2.0
556,557,0.0
557,558,0.0
558,559,2.0
559,560,0.0
560,561,3.0
561,562,2.0
562,563,1.0
563,564,1.0
564,565,3.0
565,566,4.0
566,567,0.0
567,568,1.0
568,569,2.0
569,570,0.0
570,571,0.0
571,572,2.0
572,573,3.0
573,574,2.0
574,575,0.0
575,576,4.0
576,577,0.0
577,578,2.0
578,579,0.0
579,580,2.0
580,581,0.0
581,582,1.0
582,583,0.0
583,584,3.0
584,585,2.0
585,586,1.0
586,587,5.0
587,588,0.0
588,589,0.0
589,590,0.0
590,591,2.0
591,592,1.0
592,593,1.0
593,594,1.0
594,595,0.0
595,596,1.0
596,597,0.0
597,598,2.0
598,599,1.0
599,600,0.0
600,601,3.0
601,602,1.0
602,603,2.0
603,604,4.0
604,605,1.0
605,606,0.0
606,607,4.0
607,608,0.0
608,609,4.0
609,610,2.0
610,611,2.0
611,612,0.0
612,613,0.0
613,614,1.0
614,615,0.0
615,616,0.0
616,617,4.0
617,618,1.0
618,619,0.0
619,620,0.0
620,621,1.0
621,622,2.0
622,623,2.0
623,624,1.0
624,625,0.0
625,626,1.0
626,627,3.0
627,628,1.0
628,629,3.0
629,630,0.0
630,631,1.0
631,632,1.0
632,633,2.0
633,634,1.0
634,635,0.0
635,636,0.0
636,637,2.0
637,638,1.0
638,639,0.0
639,640,0.0
640,641,2.0
641,642,0.0
642,643,0.0
643,644,0.0
644,645,0.0
645,646,1.0
646,647,1.0
647,648,5.0
648,649,1.0
649,650,0.0
650,651,1.0
651,652,2.0
652,653,2.0
653,654,2.0
654,655,1.0
655,656,1.0
656,657,1.0
657,658,0.0
658,659,1.0
659,660,2.0
660,661,0.0
661,662,2.0
662,663,0.0
663,664,0.0
664,665,1.0
665,666,0.0
666,667,1.0
667,668,1.0
668,669,1.0
669,670,0.0
670,671,2.0
671,672,4.0
672,673,1.0
673,674,3.0
674,675,1.0
675,676,1.0
676,677,2.0
677,678,0.0
678,679,1.0
679,680,0.0
680,681,1.0
681,682,1.0
682,683,2.0
683,684,0.0
684,685,6.0
685,686,0.0
686,687,3.0
687,688,0.0
688,689,1.0
689,690,1.0
690,691,0.0
691,692,1.0
692,693,1.0
693,694,2.0
694,695,0.0
695,696,1.0
696,697,1.0
697,698,1.0
698,699,0.0
699,700,3.0
700,701,1.0
701,702,1.0
702,703,1.0
703,704,3.0
704,705,1.0
705,706,3.0
706,707,2.0
707,708,2.0
708,709,0.0
709,710,0.0
710,711,2.0
711,712,0.0
712,713,1.0
713,714,3.0
714,715,3.0
715,716,1.0
716,717,2.0
717,718,2.0
718,719,0.0
719,720,2.0
720,721,2.0
721,722,2.0
722,723,4.0
723,724,2.0
724,725,2.0
725,726,1.0
726,727,0.0
727,728,0.0
728,729,0.0
729,730,1.0
730,731,0.0
731,732,0.0
732,733,3.0
733,734,2.0
734,735,6.0
735,736,1.0
736,737,0.0
737,738,0.0
738,739,0.0
739,740,1.0
740,741,1.0
741,742,0.0
742,743,1.0
743,744,1.0
744,745,6.0
745,746,1.0
746,747,1.0
747,748,2.0
748,749,2.0
749,750,3.0
750,751,0.0
751,752,2.0
752,753,1.0
753,754,4.0
754,755,2.0
755,756,0.0
756,757,0.0
757,758,0.0
758,759,1.0
759,760,0.0
760,761,3.0
761,762,3.0
762,763,0.0
763,764,2.0
764,765,0.0
765,766,4.0
766,767,1.0
767,768,1.0
768,769,1.0
769,770,0.0
770,771,3.0
771,772,3.0
772,773,2.0
773,774,0.0
774,775,3.0
775,776,0.0
776,777,1.0
777,778,0.0
778,779,2.0
779,780,1.0
780,781,0.0
781,782,1.0
782,783,0.0
783,784,0.0
784,785,2.0
785,786,2.0
786,787,0.0
787,788,2.0
788,789,0.0
789,790,1.0
790,791,0.0
791,792,4.0
792,793,1.0
793,794,2.0
794,795,1.0
795,796,0.0
796,797,1.0
797,798,3.0
798,799,1.0
799,800,0.0
800,801,0.0
801,802,1.0
802,803,3.0
803,804,0.0
804,805,1.0
805,806,2.0
806,807,1.0
807,808,0.0
808,809,1.0
809,810,0.0
810,811,0.0
811,812,2.0
812,813,2.0
813,814,2.0
814,815,0.0
815,816,2.0
816,817,0.0
817,818,4.0
818,819,2.0
819,820,1.0
820,821,1.0
821,822,1.0
822,823,1.0
823,824,2.0
824,825,0.0
825,826,0.0
826,827,1.0
827,828,3.0
828,829,0.0
829,830,2.0
830,831,5.0
831,832,0.0
832,833,0.0
833,834,1.0
834,835,2.0
835,836,2.0
836,837,2.0
837,838,2.0
838,839,2.0
839,840,0.0
840,841,0.0
841,842,1.0
842,843,1.0
843,844,1.0
844,845,4.0
845,846,2.0
846,847,0.0
847,848,0.0
848,849,4.0
849,850,0.0
850,851,2.0
851,852,2.0
852,853,2.0
853,854,3.0
854,855,0.0
855,856,1.0
856,857,3.0
857,858,0.0
858,859,2.0
859,860,3.0
860,861,3.0
861,862,1.0
862,863,2.0
863,864,2.0
864,865,0.0
865,866,0.0
866,867,2.0
867,868,1.0
868,869,2.0
869,870,1.0
870,871,4.0
871,872,1.0
872,873,2.0
873,874,2.0
874,875,1.0
875,876,1.0
876,877,0.0
877,878,2.0
878,879,0.0
879,880,0.0
880,881,0.0
881,882,0.0
882,883,0.0
883,884,2.0
884,885,4.0
885,886,1.0
886,887,1.0
887,888,1.0
888,889,4.0
889,890,1.0
890,891,2.0
891,892,0.0
892,893,0.0
893,894,1.0
894,895,1.0
895,896,0.0
896,897,0.0
897,898,2.0
898,899,2.0
899,900,2.0
900,901,3.0
901,902,2.0
902,903,3.0
903,904,3.0
904,905,1.0
905,906,3.0
906,907,1.0
907,908,0.0
908,909,1.0
909,910,0.0
910,911,0.0
911,912,2.0
912,913,0.0
913,914,2.0
914,915,0.0
915,916,0.0
916,917,0.0
917,918,2.0
918,919,0.0
919,920,0.0
920,921,1.0
921,922,2.0
922,923,1.0
923,924,0.0
924,925,0.0
925,926,0.0
926,927,4.0
927,928,2.0
928,929,1.0
929,930,0.0
930,931,1.0
931,932,0.0
932,933,1.0
933,934,2.0
934,935,2.0
935,936,0.0
936,937,4.0
937,938,2.0
938,939,0.0
939,940,2.0
940,941,0.0
941,942,3.0
942,943,1.0
943,944,1.0
944,945,2.0
945,946,2.0
946,947,0.0
947,948,0.0
948,949,1.0
949,950,1.0
950,951,3.0
951,952,0.0
952,953,0.0
953,954,2.0
954,955,0.0
955,956,0.0
956,957,2.0
957,958,4.0
958,959,3.0
959,960,1.0
960,961,2.0
961,962,2.0
962,963,3.0
963,964,1.0
964,965,1.0
965,966,1.0
966,967,1.0
967,968,1.0
968,969,3.0
969,970,0.0
970,971,1.0
971,972,0.0
972,973,1.0
973,974,1.0
974,975,2.0
975,976,4.0
976,977,2.0
977,978,0.0
978,979,1.0
979,980,0.0
980,981,2.0
981,982,2.0
982,983,1.0
983,984,2.0
984,985,4.0
985,986,1.0
986,987,2.0
987,988,0.0
988,989,1.0
989,990,2.0
990,991,1.0
991,992,0.0
992,993,2.0
993,994,3.0
994,995,1.0
995,996,3.0
996,997,1.0
997,998,0.0
998,999,1.0
999,1000,2.0
1000,1001,0.0
1001,1002,3.0
1002,1003,0.0
1003,1004,3.0
1004,1005,1.0
1005,1006,1.0
1006,1007,1.0
1007,1008,1.0
1008,1009,3.0
1009,1010,2.0
1010,1011,0.0
1011,1012,2.0
1012,1013,1.0
1013,1014,0.0
1014,1015,2.0
1015,1016,1.0
1016,1017,0.0
1017,1018,0.0
1018,1019,2.0
1019,1020,2.0
1020,1021,0.0
1021,1022,3.0
1022,1023,1.0
1023,1024,0.0
1024,1025,1.0
1025,1026,2.0
1026,1027,2.0
1027,1028,1.0
1028,1029,4.0
1029,1030,1.0
1030,1031,1.0
1031,1032,0.0
1032,1033,1.0
1033,1034,0.0
1034,1035,3.0
1035,1036,3.0
1036,1037,2.0
1037,1038,2.0
1038,1039,1.0
1039,1040,2.0
1040,1041,1.0
1041,1042,3.0
1042,1043,0.0
1043,1044,0.0
1044,1045,2.0
1045,1046,2.0
1046,1047,1.0
1047,1048,0.0
1048,1049,3.0
1049,1050,1.0
1050,1051,0.0
1051,1052,4.0
1052,1053,2.0
1053,1054,2.0
1054,1055,2.0
1055,1056,0.0
1056,1057,6.0
1057,1058,4.0
1058,1059,2.0
1059,1060,0.0
1060,1061,0.0
1061,1062,2.0
1062,1063,0.0
1063,1064,0.0
1064,1065,0.0
1065,1066,2.0
1066,1067,2.0
1067,1068,2.0
1068,1069,2.0
1069,1070,5.0
1070,1071,1.0
1071,1072,3.0
1072,1073,1.0
1073,1074,0.0
1074,1075,2.0
1075,1076,5.0
1076,1077,2.0
1077,1078,2.0
1078,1079,2.0
1079,1080,2.0
1080,1081,3.0
1081,1082,2.0
1082,1083,1.0
1083,1084,1.0
1084,1085,2.0
1085,1086,2.0
1086,1087,0.0
1087,1088,3.0
1088,1089,4.0
1089,1090,0.0
1090,1091,0.0
1091,1092,1.0
1092,1093,0.0
1093,1094,0.0
1094,1095,1.0
1095,1096,1.0
1096,1097,2.0
1097,1098,1.0
1098,1099,1.0
1099,1100,2.0
1100,1101,0.0
1101,1102,3.0
1102,1103,0.0
1103,1104,2.0
1104,1105,2.0
1105,1106,2.0
1106,1107,1.0
1107,1108,3.0
1108,1109,1.0
1109,1110,4.0
1110,1111,2.0
1111,1112,3.0
1112,1113,0.0
1113,1114,3.0
1114,1115,1.0
1115,1116,2.0
1116,1117,3.0
1117,1118,3.0
1118,1119,2.0
1119,1120,1.0
1120,1121,0.0
1121,1122,2.0
1122,1123,2.0
1123,1124,1.0
1124,1125,1.0
1125,1126,1.0
1126,1127,2.0
1127,1128,1.0
1128,1129,0.0
1129,1130,1.0
1130,1131,1.0
1131,1132,2.0
1132,1133,2.0
1133,1134,1.0
1134,1135,1.0
1135,1136,1.0
1136,1137,2.0
1137,1138,4.0
1138,1139,2.0
1139,1140,2.0
1140,1141,1.0
1141,1142,1.0
1142,1143,1.0
1143,1144,0.0
1144,1145,3.0
1145,1146,2.0
1146,1147,3.0
1147,1148,1.0
1148,1149,3.0
1149,1150,2.0
1150,1151,1.0
1151,1152,1.0
1152,1153,4.0
1153,1154,0.0
1154,1155,3.0
1155,1156,1.0
1156,1157,1.0
1157,1158,2.0
1158,1159,1.0
1159,1160,0.0
1160,1161,0.0
1161,1162,1.0
1162,1163,0.0
1163,1164,2.0
1164,1165,5.0
1165,1166,0.0
1166,1167,0.0
1167,1168,0.0
1168,1169,0.0
1169,1170,1.0
1170,1171,0.0
1171,1172,3.0
1172,1173,3.0
1173,1174,0.0
1174,1175,2.0
1175,1176,4.0
1176,1177,1.0
1177,1178,0.0
1178,1179,2.0
1179,1180,1.0
1180,1181,2.0
1181,1182,1.0
1182,1183,1.0
1183,1184,2.0
1184,1185,1.0
1185,1186,2.0
1186,1187,4.0
1187,1188,3.0
1188,1189,4.0
1189,1190,0.0
1190,1191,1.0
1191,1192,2.0
1192,1193,4.0
1193,1194,2.0
1194,1195,1.0
1195,1196,0.0
1196,1197,1.0
1197,1198,0.0
1198,1199,1.0
1199,1200,0.0
1200,1201,1.0
1201,1202,1.0
1202,1203,0.0
1203,1204,4.0
1204,1205,1.0
1205,1206,0.0
1206,1207,2.0
1207,1208,2.0
1208,1209,1.0
1209,1210,2.0
1210,1211,3.0
1211,1212,1.0
1212,1213,2.0
1213,1214,1.0
1214,1215,0.0
1215,1216,1.0
1216,1217,3.0
1217,1218,0.0
1218,1219,1.0
1219,1220,0.0
1220,1221,2.0
1221,1222,1.0
1222,1223,1.0
1223,1224,0.0
1224,1225,0.0
1225,1226,3.0
1226,1227,1.0
1227,1228,4.0
1228,1229,2.0
1229,1230,2.0
1230,1231,1.0
1231,1232,0.0
1232,1233,0.0
1233,1234,1.0
1234,1235,0.0
1235,1236,2.0
1236,1237,2.0
1237,1238,3.0
1238,1239,2.0
1239,1240,2.0
1240,1241,1.0
1241,1242,2.0
1242,1243,2.0
1243,1244,2.0
1244,1245,0.0
1245,1246,1.0
1246,1247,2.0
1247,1248,2.0
1248,1249,1.0
1249,1250,1.0
1250,1251,1.0
1251,1252,1.0
1252,1253,2.0
1253,1254,0.0
1254,1255,1.0
1255,1256,2.0
1256,1257,3.0
1257,1258,1.0
1258,1259,0.0
1259,1260,3.0
1260,1261,0.0
1261,1262,1.0
1262,1263,1.0
1263,1264,1.0
1264,1265,1.0
1265,1266,0.0
1266,1267,2.0
1267,1268,3.0
1268,1269,3.0
1269,1270,1.0
1270,1271,0.0
1271,1272,3.0
1272,1273,2.0
1273,1274,0.0
1274,1275,2.0
1275,1276,1.0
1276,1277,2.0
1277,1278,3.0
1278,1279,1.0
1279,1280,2.0
1280,1281,2.0
1281,1282,2.0
1282,1283,2.0
1283,1284,2.0
1284,1285,1.0
1285,1286,0.0
1286,1287,3.0
1287,1288,1.0
1288,1289,0.0
1289,1290,0.0
1290,1291,7.0
1291,1292,2.0
1292,1293,3.0
1293,1294,2.0
1294,1295,4.0
1295,1296,0.0
1296,1297,4.0
1297,1298,1.0
1298,1299,3.0
1299,1300,2.0
1300,1301,4.0
1301,1302,2.0
1302,1303,0.0
1303,1304,1.0
1304,1305,0.0
1305,1306,1.0
1306,1307,2.0
1307,1308,1.0
1308,1309,2.0
1309,1310,2.0
1310,1311,1.0
1311,1312,1.0
1312,1313,0.0
1313,1314,0.0
1314,1315,3.0
1315,1316,2.0
1316,1317,1.0
1317,1318,0.0
1318,1319,2.0
1319,1320,2.0
1320,1321,6.0
1321,1322,1.0
1322,1323,0.0
1323,1324,0.0
1324,1325,2.0
1325,1326,2.0
1326,1327,1.0
1327,1328,1.0
1328,1329,3.0
1329,1330,3.0
1330,1331,2.0
1331,1332,3.0
1332,1333,2.0
1333,1334,1.0
1334,1335,1.0
1335,1336,0.0
1336,1337,1.0
1337,1338,2.0
1338,1339,2.0
1339,1340,2.0
1340,1341,0.0
1341,1342,2.0
1342,1343,0.0
1343,1344,4.0
1344,1345,2.0
1345,1346,2.0
1346,1347,0.0
1347,1348,3.0
1348,1349,0.0
1349,1350,1.0
1350,1351,1.0
1351,1352,1.0
1352,1353,1.0
1353,1354,4.0
1354,1355,1.0
1355,1356,2.0
1356,1357,4.0
1357,1358,0.0
1358,1359,3.0
1359,1360,4.0
1360,1361,2.0
1361,1362,1.0
1362,1363,2.0
1363,1364,3.0
1364,1365,2.0
1365,1366,2.0
1366,1367,1.0
1367,1368,0.0
1368,1369,1.0
1369,1370,1.0
1370,1371,5.0
1371,1372,0.0
1372,1373,1.0
1373,1374,0.0
1374,1375,2.0
1375,1376,1.0
1376,1377,1.0
1377,1378,0.0
1378,1379,3.0
1379,1380,0.0
1380,1381,2.0
1381,1382,1.0
1382,1383,1.0
1383,1384,2.0
1384,1385,3.0
1385,1386,4.0
1386,1387,2.0
1387,1388,0.0
1388,1389,2.0
1389,1390,2.0
1390,1391,3.0
1391,1392,1.0
1392,1393,2.0
1393,1394,2.0
1394,1395,6.0
1395,1396,1.0
1396,1397,0.0
1397,1398,2.0
1398,1399,1.0
1399,1400,0.0
1400,1401,3.0
1401,1402,2.0
1402,1403,1.0
1403,1404,2.0
1404,1405,0.0
1405,1406,2.0
1406,1407,2.0
1407,1408,0.0
1408,1409,1.0
1409,1410,1.0
1410,1411,1.0
1411,1412,2.0
1412,1413,1.0
1413,1414,1.0
1414,1415,0.0
1415,1416,0.0
1416,1417,3.0
1417,1418,1.0
1418,1419,2.0
1419,1420,3.0
1420,1421,1.0
1421,1422,1.0
1422,1423,5.0
1423,1424,1.0
1424,1425,2.0
1425,1426,2.0
1426,1427,2.0
1427,1428,2.0
1428,1429,1.0
1429,1430,1.0
1430,1431,4.0
1431,1432,2.0
1432,1433,3.0
1433,1434,0.0
1434,1435,3.0
1435,1436,4.0
1436,1437,2.0
1437,1438,0.0
1438,1439,1.0
1439,1440,0.0
1440,1441,2.0
1441,1442,2.0
1442,1443,1.0
1443,1444,2.0
1444,1445,2.0
1445,1446,2.0
1446,1447,4.0
1447,1448,2.0
1448,1449,2.0
1449,1450,0.0
1450,1451,2.0
1451,1452,5.0
1452,1453,1.0
1453,1454,1.0
1454,1455,1.0
1455,1456,2.0
1456,1457,2.0
1457,1458,3.0
1458,1459,1.0
1459,1460,2.0
1460,1461,2.0
1461,1462,1.0
1462,1463,2.0
1463,1464,3.0
1464,1465,2.0
1465,1466,2.0
1466,1467,2.0
1467,1468,4.0
1468,1469,2.0
1469,1470,2.0
1470,1471,2.0
1471,1472,2.0
1472,1473,3.0
1473,1474,1.0
1474,1475,4.0
1475,1476,2.0
1476,1477,2.0
1477,1478,3.0
1478,1479,4.0
1479,1480,0.0
1480,1481,2.0
1481,1482,3.0
1482,1483,4.0
1483,1484,1.0
1484,1485,2.0
1485,1486,2.0
1486,1487,0.0
1487,1488,3.0
1488,1489,4.0
1489,1490,3.0
1490,1491,3.0
1491,1492,3.0
1492,1493,3.0
1493,1494,4.0
1494,1495,1.0
1495,1496,2.0
1496,1497,2.0
1497,1498,4.0
1498,1499,1.0
1499,1500,3.0
1500,1501,4.0
1501,1502,2.0
1502,1503,3.0
1503,1504,0.0
1504,1505,3.0
1505,1506,1.0
1506,1507,1.0
1507,1508,2.0
1508,1509,3.0
1509,1510,3.0
1510,1511,5.0
1511,1512,1.0
1512,1513,2.0
1513,1514,1.0
1514,1515,1.0
1515,1516,3.0
1516,1517,3.0
1517,1518,3.0
1518,1519,3.0
1519,1520,0.0
1520,1521,1.0
1521,1522,3.0
1522,1523,2.0
1523,1524,3.0
1524,1525,2.0
1525,1526,3.0
1526,1527,5.0
1527,1528,1.0
1528,1529,3.0
1529,1530,2.0
1530,1531,4.0
1531,1532,3.0
1532,1533,1.0
1533,1534,2.0
1534,1535,3.0
1535,1536,2.0
1536,1537,4.0
1537,1538,2.0
1538,1539,3.0
1539,1540,5.0
1540,1541,2.0
1541,1542,2.0
1542,1543,3.0
1543,1544,3.0
1544,1545,2.0
1545,1546,0.0
1546,1547,3.0
1547,1548,3.0
1548,1549,4.0
1549,1550,2.0
1550,1551,1.0
1551,1552,0.0
1552,1553,2.0
1553,1554,1.0
1554,1555,3.0
1555,1556,3.0
1556,1557,3.0
1557,1558,3.0
1558,1559,1.0
1559,1560,1.0
1560,1561,4.0
1561,1562,1.0
1562,1563,1.0
1563,1564,2.0
1564,1565,6.0
1565,1566,1.0
1566,1567,3.0
1567,1568,2.0
1568,1569,3.0
1569,1570,5.0
1570,1571,4.0
1571,1572,3.0
1572,1573,0.0
1573,1574,2.0
1574,1575,2.0
1575,1576,1.0
1576,1577,2.0
1577,1578,2.0
1578,1579,2.0
1579,1580,4.0
1580,1581,2.0
1581,1582,3.0
1582,1583,4.0
1583,1584,4.0
1584,1585,4.0
1585,1586,4.0
1586,1587,2.0
1587,1588,4.0
1588,1589,2.0
1589,1590,3.0
1590,1591,7.0
1591,1592,2.0
1592,1593,3.0
1593,1594,3.0
1594,1595,4.0
1595,1596,6.0
1596,1597,3.0
1597,1598,3.0
1598,1599,4.0
1599,1600,1.0
1600,1601,4.0
1601,1602,5.0
1602,1603,2.0
1603,1604,3.0
1604,1605,3.0
1605,1606,3.0
1606,1607,3.0
1607,1608,2.0
1608,1609,3.0
1609,1610,2.0
1610,1611,2.0
1611,1612,1.0
1612,1613,3.0
1613,1614,2.0
1614,1615,3.0
1615,1616,2.0
1616,1617,4.0
1617,1618,4.0
1618,1619,4.0
1619,1620,1.0
1620,1621,1.0
1621,1622,1.0
1622,1623,3.0
1623,1624,3.0
1624,1625,3.0
1625,1626,4.0
1626,1627,3.0
1627,1628,3.0
1628,1629,5.0
1629,1630,2.0
1630,1631,4.0
1631,1632,3.0
1632,1633,3.0
1633,1634,2.0
1634,1635,2.0
1635,1636,4.0
1636,1637,3.0
1637,1638,3.0
1638,1639,2.0
1639,1640,4.0
1640,1641,2.0
1641,1642,3.0
1642,1643,2.0
1643,1644,2.0
1644,1645,6.0
1645,1646,4.0
1646,1647,2.0
1647,1648,1.0
1648,1649,2.0
1649,1650,3.0
1650,1651,2.0
1651,1652,2.0
1652,1653,3.0
1653,1654,4.0
1654,1655,2.0
1655,1656,5.0
1656,1657,3.0
1657,1658,2.0
1658,1659,4.0
1659,1660,3.0
1660,1661,1.0
1661,1662,1.0
1662,1663,2.0
1663,1664,3.0
1664,1665,4.0
1665,1666,4.0
1666,1667,4.0
1667,1668,3.0
1668,1669,3.0
1669,1670,6.0
1670,1671,4.0
1671,1672,3.0
1672,1673,3.0
1673,1674,2.0
1674,1675,2.0
1675,1676,2.0
1676,1677,2.0
1677,1678,1.0
1678,1679,3.0
1679,1680,5.0
1680,1681,3.0
1681,1682,3.0
1682,1683,2.0
1683,1684,3.0
1684,1685,2.0
1685,1686,5.0
1686,1687,4.0
1687,1688,3.0
1688,1689,2.0
1689,1690,3.0
1690,1691,5.0
1691,1692,4.0
1692,1693,2.0
1693,1694,3.0
1694,1695,1.0
1695,1696,3.0
1696,1697,4.0
1697,1698,4.0
1698,1699,3.0
1699,1700,4.0
1700,1701,4.0
1701,1702,7.0
1702,1703,4.0
1703,1704,3.0
1704,1705,4.0
1705,1706,4.0
1706,1707,1.0
1707,1708,3.0
1708,1709,4.0
1709,1710,2.0
1710,1711,4.0
1711,1712,4.0
1712,1713,3.0
1713,1714,3.0
1714,1715,2.0
1715,1716,3.0
1716,1717,2.0
1717,1718,4.0
1718,1719,2.0
1719,1720,4.0
1720,1721,3.0
1721,1722,3.0
1722,1723,3.0
1723,1724,3.0
1724,1725,2.0
1725,1726,4.0
1726,1727,3.0
1727,1728,4.0
1728,1729,3.0
1729,1730,2.0
1730,1731,2.0
1731,1732,4.0
1732,1733,5.0
1733,1734,2.0
1734,1735,6.0
1735,1736,4.0
1736,1737,3.0
1737,1738,6.0
1738,1739,4.0
1739,1740,6.0
1740,1741,1.0
1741,1742,3.0
1742,1743,2.0
1743,1744,3.0
1744,1745,2.0
1745,1746,4.0
1746,1747,2.0
1747,1748,4.0
1748,1749,1.0
1749,1750,5.0
1750,1751,3.0
1751,1752,2.0
1752,1753,3.0
1753,1754,3.0
1754,1755,2.0
1755,1756,3.0
1756,1757,0.0
1757,1758,3.0
1758,1759,2.0
1759,1760,3.0
1760,1761,2.0
1761,1762,5.0
1762,1763,5.0
1763,1764,3.0
1764,1765,5.0
1765,1766,3.0
1766,1767,7.0
1767,1768,1.0
1768,1769,5.0
1769,1770,3.0
1770,1771,3.0
1771,1772,3.0
1772,1773,2.0
1773,1774,3.0
1774,1775,4.0
1775,1776,3.0
1776,1777,3.0
1777,1778,3.0
1778,1779,5.0
1779,1780,3.0
1780,1781,5.0
1781,1782,2.0
1782,1783,4.0
1783,1784,2.0
1784,1785,4.0
1785,1786,3.0
1786,1787,3.0
1787,1788,4.0
1788,1789,0.0
1789,1790,4.0
1790,1791,3.0
1791,1792,3.0
1792,1793,4.0
1793,1794,4.0
1794,1795,3.0
1795,1796,4.0
1796,1797,4.0
1797,1798,0.0
1798,1799,4.0
1799,1800,2.0
1800,1801,4.0
1801,1802,4.0
1802,1803,4.0
1803,1804,3.0
1804,1805,2.0
1805,1806,3.0
1806,1807,3.0
1807,1808,1.0
1808,1809,4.0
1809,1810,2.0
1810,1811,1.0
1811,1812,5.0
1812,1813,3.0
1813,1814,3.0
1814,1815,5.0
1815,1816,5.0
1816,1817,4.0
1817,1818,0.0
1818,1819,3.0
1819,1820,3.0
1820,1821,1.0
1821,1822,3.0
1822,1823,4.0
1823,1824,3.0
1824,1825,3.0
1825,1826,2.0
1826,1827,3.0
1827,1828,3.0
1828,1829,1.0
1829,1830,3.0
1830,1831,1.0
1831,1832,4.0
1832,1833,3.0
1833,1834,2.0
1834,1835,2.0
1835,1836,3.0
1836,1837,3.0
1837,1838,3.0
1838,1839,4.0
1839,1840,3.0
1840,1841,4.0
1841,1842,5.0
1842,1843,3.0
1843,1844,5.0
1844,1845,2.0
1845,1846,5.0
1846,1847,3.0
1847,1848,2.0
1848,1849,1.0
1849,1850,3.0
1850,1851,4.0
1851,1852,7.0
1852,1853,2.0
1853,1854,3.0
1854,1855,5.0
1855,1856,4.0
1856,1857,4.0
1857,1858,3.0
1858,1859,4.0
1859,1860,4.0
1860,1861,3.0
1861,1862,2.0
1862,1863,6.0
1863,1864,4.0
1864,1865,3.0
1865,1866,2.0
1866,1867,6.0
1867,1868,4.0
1868,1869,1.0
1869,1870,5.0
1870,1871,3.0
1871,1872,1.0
1872,1873,1.0
1873,1874,2.0
1874,1875,3.0
1875,1876,2.0
1876,1877,2.0
1877,1878,2.0
1878,1879,2.0
1879,1880,5.0
1880,1881,4.0
1881,1882,3.0
1882,1883,3.0
1883,1884,3.0
1884,1885,2.0
1885,1886,5.0
1886,1887,3.0
1887,1888,3.0
1888,1889,3.0
1889,1890,3.0
1890,1891,3.0
1891,1892,1.0
1892,1893,2.0
1893,1894,4.0
1894,1895,3.0
1895,1896,3.0
1896,1897,4.0
1897,1898,1.0
1898,1899,4.0
1899,1900,2.0
1900,1901,2.0
1901,1902,2.0
1902,1903,5.0
1903,1904,1.0
1904,1905,4.0
1905,1906,4.0
1906,1907,5.0
1907,1908,4.0
1908,1909,4.0
1909,1910,4.0
1910,1911,3.0
1911,1912,3.0
1912,1913,2.0
1913,1914,2.0
1914,1915,4.0
1915,1916,0.0
1916,1917,2.0
1917,1918,3.0
1918,1919,2.0
1919,1920,3.0
1920,1921,3.0
1921,1922,4.0
1922,1923,1.0
1923,1924,4.0
1924,1925,1.0
1925,1926,3.0
1926,1927,5.0
1927,1928,3.0
1928,1929,3.0
1929,1930,4.0
1930,1931,5.0
1931,1932,8.0
1932,1933,4.0
1933,1934,3.0
1934,1935,3.0
1935,1936,4.0
1936,1937,4.0
1937,1938,2.0
1938,1939,4.0
1939,1940,5.0
1940,1941,3.0
1941,1942,3.0
1942,1943,1.0
1943,1944,1.0
1944,1945,1.0
1945,1946,4.0
1946,1947,3.0
1947,1948,3.0
1948,1949,3.0
1949,1950,4.0
1950,1951,4.0
1951,1952,6.0
1952,1953,4.0
1953,1954,3.0
1954,1955,3.0
1955,1956,3.0
1956,1957,3.0
1957,1958,3.0
1958,1959,3.0
1959,1960,3.0
1960,1961,3.0
1961,1962,3.0
1962,1963,1.0
1963,1964,3.0
1964,1965,3.0
1965,1966,2.0
1966,1967,5.0
1967,1968,3.0
1968,1969,6.0
1969,1970,4.0
1970,1971,5.0
1971,1972,5.0
1972,1973,4.0
1973,1974,4.0
1974,1975,3.0
1975,1976,4.0
1976,1977,4.0
1977,1978,3.0
1978,1979,2.0
1979,1980,4.0
1980,1981,4.0
1981,1982,5.0
1982,1983,5.0
1983,1984,5.0
1984,1985,3.0
1985,1986,4.0
1986,1987,4.0
1987,1988,7.0
1988,1989,3.0
1989,1990,3.0
1990,1991,2.0
1991,1992,4.0
1992,1993,4.0
1993,1994,7.0
1994,1995,3.0
1995,1996,3.0
1996,1997,3.0
1997,1998,5.0
1998,1999,4.0
1999,2000,4.0
2000,2001,2.0
2001,2002,2.0
2002,2003,4.0
2003,2004,3.0
2004,2005,3.0
2005,2006,3.0
2006,2007,3.0
2007,2008,2.0
2008,2009,2.0
2009,2010,3.0
2010,2011,3.0
2011,2012,3.0
2012,2013,5.0
2013,2014,8.0
2014,2015,5.0
2015,2016,5.0
2016,2017,0.0
2017,2018,7.0
2018,2019,5.0
2019,2020,4.0
2020,2021,3.0
2021,2022,3.0
2022,2023,3.0
2023,2024,3.0
2024,2025,3.0
2025,2026,1.0
2026,2027,2.0
2027,2028,7.0
2028,2029,4.0
2029,2030,3.0
2030,2031,3.0
2031,2032,5.0
2032,2033,5.0
2033,2034,3.0
2034,2035,3.0
2035,2036,2.0
2036,2037,4.0
2037,2038,4.0
2038,2039,2.0
2039,2040,6.0
2040,2041,4.0
2041,2042,4.0
2042,2043,3.0
2043,2044,3.0
2044,2045,2.0
2045,2046,1.0
2046,2047,2.0
2047,2048,3.0
2048,2049,3.0
2049,2050,3.0
2050,2051,4.0
2051,2052,5.0
2052,2053,8.0
2053,2054,3.0
2054,2055,4.0
2055,2056,2.0
2056,2057,3.0
2057,2058,5.0
2058,2059,6.0
2059,2060,4.0
2060,2061,3.0
2061,2062,4.0
2062,2063,3.0
2063,2064,4.0
2064,2065,5.0
2065,2066,3.0
2066,2067,4.0
2067,2068,4.0
2068,2069,4.0
2069,2070,5.0
2070,2071,3.0
2071,2072,3.0
2072,2073,3.0
2073,2074,4.0
2074,2075,4.0
2075,2076,6.0
2076,2077,4.0
2077,2078,4.0
2078,2079,3.0
2079,2080,2.0
2080,2081,3.0
2081,2082,3.0
2082,2083,3.0
2083,2084,4.0
2084,2085,2.0
2085,2086,4.0
2086,2087,3.0
2087,2088,5.0
2088,2089,3.0
2089,2090,4.0
2090,2091,3.0
2091,2092,4.0
2092,2093,5.0
2093,2094,4.0
2094,2095,7.0
2095,2096,3.0
2096,2097,3.0
2097,2098,3.0
2098,2099,3.0
2099,2100,3.0
2100,2101,4.0
2101,2102,3.0
2102,2103,3.0
2103,2104,4.0
2104,2105,4.0
2105,2106,1.0
2106,2107,3.0
2107,2108,4.0
2108,2109,3.0
2109,2110,3.0
2110,2111,5.0
2111,2112,3.0
2112,2113,3.0
2113,2114,3.0
2114,2115,3.0
2115,2116,2.0
2116,2117,4.0
2117,2118,3.0
2118,2119,7.0
2119,2120,4.0
2120,2121,3.0
2121,2122,3.0
2122,2123,3.0
2123,2124,3.0
2124,2125,4.0
2125,2126,4.0
2126,2127,3.0
2127,2128,7.0
2128,2129,4.0
2129,2130,3.0
2130,2131,3.0
2131,2132,3.0
2132,2133,3.0
2133,2134,6.0
2134,2135,4.0
2135,2136,2.0
2136,2137,4.0
2137,2138,2.0
2138,2139,3.0
2139,2140,4.0
2140,2141,3.0
2141,2142,3.0
2142,2143,3.0
2143,2144,3.0
2144,2145,3.0
2145,2146,2.0
2146,2147,3.0
2147,2148,3.0
2148,2149,3.0
2149,2150,3.0
2150,2151,3.0
2151,2152,4.0
2152,2153,3.0
2153,2154,3.0
2154,2155,3.0
2155,2156,2.0
2156,2157,4.0
2157,2158,3.0
2158,2159,4.0
2159,2160,4.0
2160,2161,2.0
2161,2162,3.0
2162,2163,3.0
2163,2164,4.0
2164,2165,3.0
2165,2166,2.0
2166,2167,4.0
2167,2168,3.0
2168,2169,3.0
2169,2170,3.0
2170,2171,3.0
2171,2172,3.0
2172,2173,3.0
2173,2174,3.0
2174,2175,2.0
2175,2176,2.0
2176,2177,3.0
2177,2178,3.0
2178,2179,2.0
2179,2180,3.0
2180,2181,4.0
2181,2182,3.0
2182,2183,3.0
2183,2184,3.0
2184,2185,2.0
2185,2186,3.0
2186,2187,2.0
2187,2188,3.0
2188,2189,4.0
2189,2190,2.0
2190,2191,4.0
2191,2192,3.0
2192,2193,4.0
2193,2194,1.0
2194,2195,4.0
2195,2196,4.0
2196,2197,3.0
2197,2198,3.0
2198,2199,2.0
2199,2200,1.0
2200,2201,3.0
2201,2202,3.0
2202,2203,3.0
2203,2204,0.0
2204,2205,2.0
2205,2206,3.0
2206,2207,4.0
2207,2208,4.0
2208,2209,3.0
2209,2210,3.0
2210,2211,3.0
2211,2212,1.0
2212,2213,2.0
2213,2214,3.0
2214,2215,4.0
2215,2216,3.0
2216,2217,4.0
2217,2218,5.0
2218,2219,4.0
2219,2220,3.0
2220,2221,3.0
2221,2222,4.0
2222,2223,3.0
2223,2224,2.0
2224,2225,3.0
2225,2226,3.0
2226,2227,3.0
2227,2228,3.0
2228,2229,3.0
2229,2230,3.0
2230,2231,1.0
2231,2232,3.0
2232,2233,3.0
2233,2234,1.0
2234,2235,3.0
2235,2236,1.0
2236,2237,3.0
2237,2238,3.0
2238,2239,3.0
2239,2240,5.0
2240,2241,4.0
2241,2242,5.0
2242,2243,4.0
2243,2244,1.0
2244,2245,3.0
2245,2246,3.0
2246,2247,3.0
2247,2248,6.0
2248,2249,4.0
2249,2250,2.0
2250,2251,3.0
2251,2252,3.0
2252,2253,3.0
2253,2254,1.0
2254,2255,3.0
2255,2256,3.0
2256,2257,3.0
2257,2258,2.0
2258,2259,3.0
2259,2260,3.0
2260,2261,3.0
2261,2262,4.0
2262,2263,4.0
2263,2264,3.0
2264,2265,3.0
2265,2266,3.0
2266,2267,0.0
2267,2268,5.0
2268,2269,3.0
2269,2270,3.0
2270,2271,5.0
2271,2272,3.0
2272,2273,3.0
2273,2274,3.0
2274,2275,4.0
2275,2276,3.0
2276,2277,3.0
2277,2278,3.0
2278,2279,3.0
2279,2280,3.0
2280,2281,4.0
2281,2282,3.0
2282,2283,4.0
2283,2284,4.0
2284,2285,1.0
2285,2286,3.0
2286,2287,3.0
2287,2288,2.0
2288,2289,3.0
2289,2290,3.0
2290,2291,1.0
2291,2292,4.0
2292,2293,4.0
2293,2294,3.0
2294,2295,3.0
2295,2296,4.0
2296,2297,3.0
2297,2298,3.0
2298,2299,6.0
2299,2300,5.0
2300,2301,6.0
2301,2302,3.0
2302,2303,3.0
2303,2304,4.0
2304,2305,3.0
2305,2306,4.0
2306,2307,3.0
2307,2308,2.0
2308,2309,3.0
2309,2310,2.0
2310,2311,5.0
2311,2312,4.0
2312,2313,3.0
2313,2314,6.0
2314,2315,2.0
2315,2316,3.0
2316,2317,3.0
2317,2318,3.0
2318,2319,6.0
2319,2320,3.0
2320,2321,3.0
2321,2322,3.0
2322,2323,3.0
2323,2324,3.0
2324,2325,3.0
2325,2326,3.0
2326,2327,6.0
2327,2328,3.0
2328,2329,3.0
2329,2330,3.0
2330,2331,3.0
2331,2332,3.0
2332,2333,3.0
2333,2334,3.0
2334,2335,3.0
2335,2336,4.0
2336,2337,3.0
2337,2338,0.0
2338,2339,3.0
2339,2340,1.0
2340,2341,4.0
2341,2342,3.0
2342,2343,3.0
2343,2344,3.0
2344,2345,3.0
2345,2346,6.0
2346,2347,1.0
2347,2348,4.0
2348,2349,4.0
2349,2350,4.0
2350,2351,3.0
2351,2352,1.0
2352,2353,2.0
2353,2354,4.0
2354,2355,3.0
2355,2356,1.0
2356,2357,3.0
2357,2358,3.0
2358,2359,4.0
2359,2360,5.0
2360,2361,3.0
2361,2362,3.0
2362,2363,4.0
2363,2364,3.0
2364,2365,6.0
2365,2366,3.0
2366,2367,4.0
2367,2368,3.0
2368,2369,5.0
2369,2370,3.0
2370,2371,3.0
2371,2372,4.0
2372,2373,3.0
2373,2374,3.0
2374,2375,2.0
2375,2376,3.0
2376,2377,4.0
2377,2378,3.0
2378,2379,4.0
2379,2380,7.0
2380,2381,4.0
2381,2382,3.0
2382,2383,1.0
2383,2384,3.0
2384,2385,3.0
2385,2386,3.0
2386,2387,3.0
2387,2388,4.0
2388,2389,3.0
2389,2390,3.0
2390,2391,3.0
2391,2392,3.0
2392,2393,3.0
2393,2394,3.0
2394,2395,3.0
2395,2396,6.0
2396,2397,3.0
2397,2398,3.0
2398,2399,1.0
2399,2400,4.0
2400,2401,3.0
2401,2402,3.0
2402,2403,6.0
2403,2404,3.0
2404,2405,3.0
2405,2406,3.0
2406,2407,3.0
2407,2408,3.0
2408,2409,4.0
2409,2410,3.0
2410,2411,3.0
2411,2412,3.0
2412,2413,3.0
2413,2414,3.0
2414,2415,2.0
2415,2416,3.0
2416,2417,3.0
2417,2418,2.0
2418,2419,3.0
2419,2420,4.0
2420,2421,3.0
2421,2422,3.0
2422,2423,3.0
2423,2424,3.0
2424,2425,3.0
2425,2426,3.0
2426,2427,3.0
2427,2428,3.0
2428,2429,2.0
2429,2430,4.0
2430,2431,4.0
2431,2432,3.0
2432,2433,5.0
2433,2434,3.0
2434,2435,3.0
2435,2436,3.0
2436,2437,3.0
2437,2438,3.0
2438,2439,3.0
2439,2440,3.0
2440,2441,4.0
2441,2442,3.0
2442,2443,3.0
2443,2444,3.0
2444,2445,3.0
2445,2446,3.0
2446,2447,3.0
2447,2448,3.0
2448,2449,3.0
2449,2450,4.0
2450,2451,3.0
2451,2452,3.0
2452,2453,3.0
2453,2454,3.0
2454,2455,6.0
2455,2456,3.0
2456,2457,3.0
2457,2458,3.0
2458,2459,3.0
2459,2460,3.0
2460,2461,3.0
2461,2462,1.0
2462,2463,3.0
2463,2464,3.0
2464,2465,5.0
2465,2466,3.0
2466,2467,3.0
2467,2468,3.0
2468,2469,3.0
2469,2470,3.0
2470,2471,3.0
2471,2472,5.0
2472,2473,3.0
2473,2474,3.0
2474,2475,3.0
2475,2476,3.0
2476,2477,3.0
2477,2478,3.0
2478,2479,2.0
2479,2480,3.0
2480,2481,3.0
2481,2482,3.0
2482,2483,3.0
2483,2484,3.0
2484,2485,3.0
2485,2486,4.0
2486,2487,4.0
2487,2488,3.0
2488,2489,3.0
2489,2490,3.0
2490,2491,1.0
2491,2492,5.0
2492,2493,3.0
2493,2494,3.0
2494,2495,3.0
2495,2496,3.0
2496,2497,6.0
2497,2498,3.0
2498,2499,3.0
2499,2500,3.0
2500,2501,3.0
2501,2502,4.0
2502,2503,3.0
2503,2504,3.0
2504,2505,6.0
2505,2506,3.0
2506,2507,3.0
2507,2508,3.0
2508,2509,3.0
2509,2510,3.0
2510,2511,5.0
2511,2512,3.0
2512,2513,3.0
2513,2514,1.0
2514,2515,3.0
2515,2516,3.0
2516,2517,6.0
2517,2518,3.0
2518,2519,3.0
2519,2520,3.0
2520,2521,3.0
2521,2522,3.0
2522,2523,3.0
2523,2524,5.0
2524,2525,5.0
2525,2526,3.0
2526,2527,3.0
2527,2528,3.0
2528,2529,3.0
2529,2530,5.0
2530,2531,3.0
2531,2532,3.0
2532,2533,3.0
2533,2534,3.0
2534,2535,3.0
2535,2536,3.0
2536,2537,3.0
2537,2538,1.0
2538,2539,3.0
2539,2540,3.0
2540,2541,3.0
2541,2542,6.0
2542,2543,3.0
2543,2544,3.0
2544,2545,3.0
2545,2546,4.0
2546,2547,3.0
2547,2548,3.0
2548,2549,3.0
2549,2550,3.0
2550,2551,3.0
2551,2552,1.0
2552,2553,4.0
2553,2554,3.0
2554,2555,3.0
2555,2556,3.0
2556,2557,3.0
2557,2558,4.0
2558,2559,3.0
2559,2560,4.0
2560,2561,3.0
2561,2562,2.0
2562,2563,3.0
2563,2564,3.0
2564,2565,4.0
2565,2566,3.0
2566,2567,3.0
2567,2568,4.0
2568,2569,3.0
2569,2570,3.0
2570,2571,3.0
2571,2572,3.0
2572,2573,3.0
2573,2574,3.0
2574,2575,3.0
2575,2576,4.0
2576,2577,3.0
2577,2578,3.0
2578,2579,3.0
2579,2580,3.0
2580,2581,4.0
2581,2582,3.0
2582,2583,3.0
2583,2584,4.0
2584,2585,3.0
2585,2586,3.0
2586,2587,4.0
2587,2588,3.0
2588,2589,6.0
2589,2590,3.0
2590,2591,3.0
2591,2592,4.0
2592,2593,3.0
2593,2594,3.0
2594,2595,3.0
2595,2596,3.0
2596,2597,3.0
2597,2598,3.0
2598,2599,3.0
2599,2600,3.0
2600,2601,3.0
2601,2602,3.0
2602,2603,3.0
2603,2604,3.0
2604,2605,3.0
2605,2606,3.0
2606,2607,3.0
2607,2608,3.0
2608,2609,3.0
2609,2610,3.0
2610,2611,3.0
2611,2612,4.0
2612,2613,3.0
2613,2614,3.0
2614,2615,3.0
2615,2616,3.0
2616,2617,3.0
2617,2618,3.0
2618,2619,3.0
2619,2620,3.0
2620,2621,1.0
2621,2622,4.0
2622,2623,3.0
2623,2624,3.0
2624,2625,3.0
2625,2626,4.0
2626,2627,3.0
2627,2628,3.0
2628,2629,3.0
2629,2630,4.0
2630,2631,1.0
2631,2632,5.0
2632,2633,3.0
2633,2634,3.0
2634,2635,3.0
2635,2636,1.0
2636,2637,3.0
2637,2638,3.0
2638,2639,3.0
2639,2640,3.0
2640,2641,3.0
2641,2642,3.0
2642,2643,3.0
2643,2644,3.0
2644,2645,3.0
2645,2646,1.0
2646,2647,3.0
2647,2648,3.0
2648,2649,5.0
2649,2650,7.0
2650,2651,3.0
2651,2652,4.0
2652,2653,3.0
2653,2654,5.0
2654,2655,3.0
2655,2656,3.0
2656,2657,3.0
2657,2658,3.0
2658,2659,3.0
2659,2660,3.0
2660,2661,4.0
2661,2662,6.0
2662,2663,3.0
2663,2664,4.0
2664,2665,3.0
2665,2666,3.0
2666,2667,3.0
2667,2668,3.0
2668,2669,3.0
2669,2670,3.0
2670,2671,3.0
2671,2672,3.0
2672,2673,3.0
2673,2674,3.0
2674,2675,4.0
2675,2676,3.0
2676,2677,3.0
2677,2678,3.0
2678,2679,3.0
2679,2680,3.0
2680,2681,3.0
2681,2682,3.0
2682,2683,3.0
2683,2684,3.0
2684,2685,3.0
2685,2686,4.0
2686,2687,3.0
2687,2688,3.0
2688,2689,3.0
2689,2690,3.0
2690,2691,3.0
2691,2692,3.0
2692,2693,3.0
2693,2694,3.0
2694,2695,3.0
2695,2696,3.0
2696,2697,3.0
2697,2698,4.0
2698,2699,3.0
2699,2700,3.0
2700,2701,3.0
2701,2702,3.0
2702,2703,4.0
2703,2704,3.0
2704,2705,3.0
2705,2706,3.0
2706,2707,3.0
2707,2708,3.0
2708,2709,3.0
2709,2710,3.0
2710,2711,3.0
2711,2712,3.0
2712,2713,3.0
2713,2714,3.0
2714,2715,3.0
2715,2716,3.0
2716,2717,4.0
2717,2718,3.0
2718,2719,3.0
2719,2720,3.0
2720,2721,3.0
2721,2722,3.0
2722,2723,3.0
2723,2724,3.0
2724,2725,4.0
2725,2726,3.0
2726,2727,4.0
2727,2728,4.0
2728,2729,3.0
2729,2730,3.0
2730,2731,3.0
2731,2732,3.0
2732,2733,3.0
2733,2734,3.0
2734,2735,3.0
2735,2736,4.0
2736,2737,3.0
2737,2738,3.0
2738,2739,4.0
2739,2740,7.0
2740,2741,3.0
2741,2742,3.0
2742,2743,4.0
2743,2744,3.0
2744,2745,3.0
2745,2746,4.0
2746,2747,3.0
2747,2748,4.0
2748,2749,3.0
2749,2750,3.0
2750,2751,4.0
2751,2752,3.0
2752,2753,3.0
2753,2754,3.0
2754,2755,4.0
2755,2756,3.0
2756,2757,4.0
2757,2758,3.0
2758,2759,3.0
2759,2760,3.0
2760,2761,3.0
2761,2762,3.0
2762,2763,3.0
2763,2764,3.0
2764,2765,3.0
2765,2766,3.0
2766,2767,4.0
2767,2768,3.0
2768,2769,3.0
2769,2770,3.0
2770,2771,3.0
2771,2772,3.0
2772,2773,3.0
2773,2774,4.0
2774,2775,3.0
2775,2776,4.0
2776,2777,3.0
2777,2778,5.0
2778,2779,3.0
2779,2780,4.0
2780,2781,3.0
2781,2782,3.0
2782,2783,3.0
2783,2784,3.0
2784,2785,3.0
2785,2786,3.0
2786,2787,3.0
2787,2788,3.0
2788,2789,3.0
2789,2790,3.0
2790,2791,3.0
2791,2792,3.0
2792,2793,3.0
2793,2794,3.0
2794,2795,3.0
2795,2796,3.0
2796,2797,3.0
2797,2798,3.0
2798,2799,4.0
2799,2800,3.0
2800,2801,3.0
2801,2802,3.0
2802,2803,3.0
2803,2804,3.0
2804,2805,3.0
2805,2806,3.0
2806,2807,3.0
2807,2808,3.0
2808,2809,3.0
2809,2810,4.0
2810,2811,3.0
2811,2812,3.0
2812,2813,3.0
2813,2814,4.0
2814,2815,3.0
2815,2816,3.0
2816,2817,3.0
2817,2818,3.0
2818,2819,3.0
2819,2820,3.0
2820,2821,3.0
2821,2822,3.0
2822,2823,3.0
2823,2824,4.0
2824,2825,4.0
2825,2826,3.0
2826,2827,3.0
2827,2828,3.0
2828,2829,3.0
2829,2830,3.0
2830,2831,3.0
2831,2832,3.0
2832,2833,4.0
2833,2834,3.0
2834,2835,3.0
2835,2836,4.0
2836,2837,3.0
2837,2838,3.0
2838,2839,3.0
2839,2840,3.0
2840,2841,3.0
2841,2842,4.0
2842,2843,4.0
2843,2844,5.0
2844,2845,3.0
2845,2846,3.0
2846,2847,3.0
2847,2848,1.0
2848,2849,3.0
2849,2850,3.0
2850,2851,3.0
2851,2852,4.0
2852,2853,3.0
2853,2854,3.0
2854,2855,4.0
2855,2856,3.0
2856,2857,3.0
2857,2858,4.0
2858,2859,3.0
2859,2860,3.0
2860,2861,3.0
2861,2862,3.0
2862,2863,3.0
2863,2864,4.0
2864,2865,3.0
2865,2866,3.0
2866,2867,3.0
2867,2868,3.0
2868,2869,3.0
2869,2870,3.0
2870,2871,3.0
2871,2872,3.0
2872,2873,3.0
2873,2874,3.0
2874,2875,4.0
2875,2876,3.0
2876,2877,3.0
2877,2878,4.0
2878,2879,3.0
2879,2880,3.0
2880,2881,3.0
2881,2882,3.0
2882,2883,3.0
2883,2884,4.0
2884,2885,3.0
2885,2886,3.0
2886,2887,3.0
2887,2888,3.0
2888,2889,3.0
2889,2890,3.0
2890,2891,3.0
2891,2892,3.0
2892,2893,3.0
2893,2894,3.0
2894,2895,4.0
2895,2896,3.0
2896,2897,3.0
2897,2898,4.0
2898,2899,3.0
2899,2900,3.0
2900,2901,3.0
2901,2902,3.0
2902,2903,1.0
2903,2904,3.0
2904,2905,3.0
2905,2906,4.0
2906,2907,1.0
